Year,Total Predicted Cases
2021,11999.375920361868
2022,12019.10107008613
2023,12009.238495223999
2024,12019.10107008613
