Actual Cases,Predicted Cases
663.0,248.57173544168472
703.0,251.27545994520187
673.0,252.2817913889885
774.0,246.87982839345932
727.0,243.02052479982376
915.0,239.00098395347595
1085.0,245.54843318462372
1145.0,258.6808545589447
1101.0,263.6398572921753
1099.0,258.30434185266495
1124.0,252.77827543020248
1112.0,258.9739517569542
1272.0,258.7557069659233
958.0,257.10508567094803
994.0,252.70681661367416
1200.0,257.2220678329468
